user_input,response,reference,retrieved_contexts,response_normal,response_no_exec,response_no_severity
"""TC-001: Testing that BIM  Resources' elements are  working""",P1,P1,"['This test checks if the BIM Resources button functions properly on the Commercial Product Sizing page. The goal is to ensure that the button redirects to the correct BIM Resources page and is accessible.\nGiven Go to ""rheem"" website\n When click on the products button\n And click on commercial button\nAnd click on the Project Sizing button\nWhen click on the ""BIM Resources"" button\nThen should be redirected to the ""BIM Resources page"" page\nUser should be redirected to the\n “BIM Resources page” upon clicking\n the BIM Resources button.']",P1,P1,P1
TC-002: Checking valid  Submission Validation  with Pool And Spa,P1,P1,"['This test validates the successful submission of the Pool and Spa contact form with valid input data. The objective is to confirm that the form functions as expected and captures user input correctly.\nGiven go to the ""rheem"" Page\nAnd click on the Contact button\nAnd click on the Pool And Spa button\nAnd type the Full Name ""<full Name>"" on First\nAnd type the Address LineFirst ""<address Line1>"" on Address first Line box\nAnd type the Address Address secondLine ""<address Line2>"" on Address second line box\nAnd type the city ""<city>"" city box\nAnd User select the ""<states Province>"" on States Provinces Type dropdown\nAnd User selects ""<country>"" from the Country dropdown\nAnd type the postalCode ""<zipcode>"" on postalCode box\nAnd type the Company Name ""<company Name>"" on Company box\nAnd type the Phone ""<cell>"" on Phone box\nAnd type Email ""<email>"" on Email box\nAnd User selects ""<subtopic>"" from the Select Subtopic dropdown\nAnd type the Model Number ""<model Number>"" on Model Number box\nAnd type the Serial Number""<serial Number>"" on Serial Number box\nAnd type the Plumber Name ""<plumber Name>"" on Plumber Name box\nAnd type the Plumber phone ""<plumber Phone>"" on Plumber phone box\nAnd type the Comments ""<comments>"" on Comments box\nThen Click the Submit Button Pool And Spa\nThe user should be able to fill out all required fields with valid data and successfully submit the form. A confirmation or success message should appear, or the user should be redirected to a confirmation page (depending on the application’s design).']",P1,P1,P1
TC-003: Heating and  Cooling Page - Residential : Text contains the header,P2,P2,"['This test verifies that the header text on the Heating and Cooling Residential page contains the correct content. The objective is to ensure that the header accurately represents the page content and provides a clear understanding of what the user is about to see.\nGiven go to the ""rheem"" Page\nAnd click the products\nAnd click the residential\nAnd click the heating and cooling button\nThen check text contains the header\nThe page should display the correct header text ( “Rheem Residential Heating and Cooling Products.”), confirming successful navigation.']",P2,P2,P3
TC-004: Broken Image Test,P2,P2,['This test verifies that there are no broken images on the Warranties Form page. The objective is to ensure that all images are loading properly and contribute to a positive user experience.\nGo to rheem.com\nClick on the Products button \nClick on the Commercial button\nClick on the Project Sizing button\nVerify all images on the page are valid (no broken links or missing images)\nAll images on the Product Sizing page should load correctly without any broken or missing images'],P1,P1,P3
TC-005 : Navigate to the Commercial Product Sizing Page on the Rheem Website,P2,P2 ,"['This test ensures there are no broken images on the Commercial Product Sizing page. The purpose is to validate that all images on this page load correctly and are visually appealing to users.\nGiven Go to ""rheem"" website\n When click on the products button \nAnd click on commercial button\nAnd click on the Project  Sizing button\n Then should be clicked\nThe user is successfully directed to the Commercial Product Sizing page. The click action on the “Product Sizing” link should be functional and responsive.']",P2,P2,P2
TC006: Verifying Privacy Policy Link,P3,P1,"['This test verifies if the Privacy Policy link in the footer correctly opens the Privacy Notice page. The objective is to ensure that users can access the privacy policy and the page loads with the correct information.\nGiven I am on the Rheem homepage When I scroll to the footer of the page\n And I click on the ""Privacy Policy"" link\nThen the Privacy Notice page should open\nAnd I verify the URL of the opened page\nAnd I verify the presence of the ""Privacy Notice"" heading and ""Rheem Manufacturing Company Privacy Notice"" subheading\nThe Privacy Notice page opens\nThe URL of the page should be https://www.rheem.com/legal/\nThe page should display the heading ""Privacy Notice"" and the subheading ""Rheem Manufacturing Company Privacy Notice""']",P3,P3,P2
TC-007:Verify Page URL,P3,P3,"['This test verifies if the user is redirected to the correct page URL when navigating through the website. The purpose is to ensure that the correct page is loaded when selecting a certain product category. The steps involve visiting the main page, navigating through different menu items, and checking the final URL.\nGiven go to the ""rheem"" com\nAnd click the products button\nAnd click the commercial button\nAnd click the heating and cooling button on list\nThen check the current url is equals to ""https://www.rheem.com/products/commercial/heating-and-cooling/""\nURL should be\n ""https://www.rheem.com/\nproducts/commercial/heating-and-\ncooling/""']",P3,P3,P2
TC-008:Validate Image Links,P1,P3,"['This test checks if all images on the specified page have valid links and are displayed correctly. The purpose is to ensure that visual elements like images are properly loaded and functioning, improving user experience. The test involves inspecting all images on the page and validating their links.\nGiven Go to the ""rheem""\nWhen click on the products button home page\nAnd click on the commercial button\nThen click the water heating button\nThen All images links are controlled with size Water Heating Commercial page\nAll images should have valid links and correct sizes']",P3,P3,P3
TC-009:Verify Tankless Heater Link,P2,P1,"['This test ensures that the ""commercial tankless water heaters"" link, highlighted in red text, is visible and functional. The link should correctly redirect the user to the intended page. The steps involve checking the visibility of the link and verifying that the red text matches the design specifications.\nGiven Go to the ""rheem""\nWhen click on the products button home page\nAnd click on the commercial button\nThen click the water heating button\nThen check the visibility of the connection and that it goes to the correct address\nLink should be visible and redirect correctly']",P2,P2,P2
TC-010:Verify Page Navigation,P1,P1,"['This test ensures that the user is redirected to the correct ""water heating"" page after clicking the appropriate navigation buttons. The purpose is to verify that the page navigation works seamlessly and users can access the desired content.\nGiven Go to ""rheem"" website\nWhen click on the products button\nAnd click on the water heating button\nThen should be redirected to the water heating page\nUser should be redirected to Water Heating Page']",P1,P1,P2
TC-011:Broken Images Test,P2,P2,"['This test verifies that there are no broken images on the Warranties Form page. The objective is to ensure that all images are loading properly and contribute to a positive user experience.\nGiven Go to ""rheem"" website\nAnd click on the Warranties button\nThen Check all images on the Warranties Form Page are valid\nAll images should be valid (not broken)']",P1,P1,P2
TC-012:Validate Intro Text,P2,P2,"['This test checks the accuracy of the introductory text on the tankless condensing page. The objective is to confirm that the introductory content is aligned with the page\'s theme and product information.\nGiven go to the ""rheem"" comm\nWhen click on the products button\nAnd click on residential\nAnd click on tankless condensing\nThen Check the intro text is correct\nIntro text should be correct']",P2,P2,P3
TC-013:Verify Contact Us Button,P1,P1,"['This test ensures that the ""Contact Us"" button on the Residential Resource Center page functions correctly, directing users to the correct contact page. The objective is to validate that the button works as intended and users can easily find contact information.\nGiven Go to ""rheem"" website\nWhen click on the products button\nAnd click on the Resource Center button\nWhen click on Contact Us button\nThen should be directed to the contact rheem page\nUser should be redirected to the Contact Rheem page']",P1,P1,P2
TC-014: Verify the title of the Water Heating Commercial page,P2,P1,"['This test ensures that the title of the Water Heating Commercial page is displayed correctly.\nGiven Go to ""rheem""\nWhen click on the products button home page\nAnd click on the commercial button\nThen click the water heating button\nThen check title the Water Heating page\nThe title of the Water Heating Commercial page should be displayed correctly.']",P2,P2,P2
TC-015: Check the left panel products name Water Heating Commercial page,P2,P1,"['This test ensures that all product names in the left panel are listed correctly.\nGiven Go to ""rheem""\nWhen click on the products button home page\nAnd click on the commercial button\nThen click the water heating button\nAnd click the more button on left side Water Heating page\nThen check whether the names of all products are correct Water Heating\nAll product names in the left panel should be correctly listed and match the expected values.']",P1,P1,P3
TC-016: Verify the ribbon headers on the Water Heating Commercial page,P3,P2 ,"['This test ensures that the ribbon\n headers are displayed correctly \nand have accurate text.\nGiven Go to ""rheem""\nWhen click on the products button home page\nAnd click on the commercial button\nThen click the water heating button\nThen ribbons is displayed on the left top of the image and check the texts all headers Water Heating Commercial page\nAll ribbon headers should be displayed correctly and contain the expected text.']",P3,P3,P3
TC-017: Test correct page is opened,P1,P1,"['This test verifies that the correct Water Heating page opens upon navigation.\nGiven Go to ""rheem"" website\nWhen click on the products button\nAnd click on the water heating button\nThen should be redirected to the water heating page\nThe user should be successfully redirected to the Water Heating page.']",P2,P2,P2
TC-018: Tankless Water Heaters detail viewing,P2,P2 ,"['This test ensures that clicking on Tankless Water Heaters opens the correct detail page.\nGiven Go to ""rheem"" website\nWhen click on the products button\nAnd click on the water heating button\nWhen clicked Tankless Water Heaters\nThen the detail page appears.\nThe user should see the detailed page of Tankless Water Heaters.']",P2,P2,P2
TC-019: Test hyperlinked text 'Gas Water Heaters' is clickable,P2,P2 ,"['This test ensures that clicking the hyperlinked text \'Gas Water Heaters\' redirects correctly.\nGiven Go to ""rheem"" website\nWhen click on the products button\nAnd click on the water heating button\nWhen clicked hyperlinked text\nThen should be redirected to the gas water heaters page\nThe user should be successfully redirected to the Gas Water Heaters page.']",P2,P2,P2
TC-020: Testing the Clickability of Sub-Menus under 'Water Heating' Menu,P1,P1,"['This test ensures that each sub-menu under \'Water Heating\' is functional and can be clicked.\nGiven Go to ""rheem"" website\nWhen click on the products button\nAnd click on the water heating button\nWhen water heating menu is visible\nAnd the user clicks on each sub-menu\nThen the user verifies that the corresponding sub-menu is clickable\nAll sub-menus under \'Water Heating\' should be clickable and functional.']",P3,P3,P2
TC-021: Test Rheem Residential Water Heaters header is visible,P3,P2 ,"['This test ensures that the header for Rheem Residential Water Heaters is correctly displayed.\nGiven Go to ""rheem"" website\nWhen click on the products button\nAnd click on the water heating button\nThen Rheem Residential Water Heaters header is displayed on the page\nThe Rheem Residential Water\n Heaters header should be visible.']",P3,P3,P3
TC-022: Verify Main Title on Commercial Project Sizing Page,P1,P2 ,"['Verifies that the main title on the Commercial Product Sizing Page is correct.\nGiven Go to ""rheem"" website\nWhen click on the products button\nAnd click on commercial button\nAnd click on the Project Sizing button\nThen verify main title is correct\nThe main title should be displayed correctly on the page.']",P3,P3,P2
TC-026: Verify Click Action on Commercial Project Sizing Page,P1,P1,"['Verifies that clicking functionality works as expected on the Commercial Product Sizing Page.\nGiven Go to ""rheem"" website\nWhen click on the products button\nAnd click on commercial button\nAnd click on the Project Sizing button\nThen should be clicked\nClick action should be successfully performed.']",P3,P3,P2
TC-027: Verify Revit Files & Install Diagrams Panel Navigation,P1,P1,"['Tests if the Revit Files button navigates correctly.\nGiven Go to ""rheem"" website\nWhen click on the products button\nAnd click on commercial buttonn\nWhen click on the \'Revit Files\' button\nThen should be redirected to the \'Revit Files \' page\nUser should be redirected to the Revit Files page.']",P3,P3,P2
TC-028: Verify Multiple BIM Resources Panel Navigations,P1,P2 ,"['Verifies that multiple interactions with the BIM Resources button result in proper redirection.\nGiven Go to ""rheem"" website\nWhen click on the products button\nAnd click on commercial button\nAnd click on the Project Sizing button\nWhen click on the \'BIM Resources\' button\nThen should be redirected to the \'BIM Resources page\' page\nUser should be redirected to the BIM Resources page upon multiple clicks.']",P3,P3,P2
TC-032: Navigate to the Commercial Resource Center Page,P1,P3,"[""Ensures successful navigation to the Commercial Resource Center Page.\nGiven Go to 'rheem' site\nWhen click on the products button\nAnd click on the commercial\nAnd click on the Resource Center\nUser should be redirected to the Commercial Resource Center page.""]",P3,P3,P2
TC-033: Verify Commercial Resource Center Header,P2,P2 ,"[""Verifies that the Commercial Resource Center header is displayed correctly.\nGiven Go to 'rheem' site\nWhen click on the products button\nAnd click on the commercial\nAnd click on the Resource Center\nThen Commercial Resource Center header is displayed on the page\nThe Commercial Resource Center header should be visible on the page.""]",P2,P2,P2
TC-034: Broken Image Test on Commercial Resource Center Page,P3,P2 ,"[""Ensures that all images on the Commercial Resource Center page are properly loaded and not broken.\nGiven Go to 'rheem' site\nWhen click on the products button\nAnd click on the commercial\nAnd click on the Resource Center\nThen Verify the validity of each image on the website.\nAll images should be valid and properly displayed on the page.""]",P3,P3,P2
TC-036: Verify Commercial Resource Center Header,P2,P1,"[""Verifies that the Commercial Resource Center header is correctly displayed.\nGiven Go to 'rheem' site\nWhen click on the products button\nAnd click on the commercial\nAnd click on the Resource Center\nThen Commercial Resource Center header is displayed on the page\nThe Commercial Resource Center header should be visible on the page.""]",P2,P2,P2
TC-037: Broken Image Testing on Commercial Resource Center Page,P3,P2 ,"[""Ensures that all images on the Commercial Resource Center Page are valid.\nGiven Go to 'rheem' site\nWhen click on the products button\nAnd click on the commercial\nAnd click on the Resource Center\nThen Verify the validity of each image on the website.\nAll images should be properly loaded and displayed.""]",P3,P3,P2
TC-038: Navigate to the Featured Innovations Page,P1,P1,"[""Ensures successful navigation to the Featured Innovations Page.\nGiven go to 'rheem'\nWhen click on the products button\nAnd click on residential\nAnd click on featured innovations\nUser should be redirected to the Featured Innovations Page.""]",P3,P3,P2
TC-039: Broken Image Test on Featured Innovations Page,P3,P2 ,"[""Ensures that there are no broken images on the Featured Innovations Page.\nGiven go to 'rheem'\nWhen click on the products button\nAnd click on residential\nAnd click on featured innovations\nThen check all images on the page are valid\nAll images should be properly loaded and displayed.""]",P3,P3,P2
TC-040: Verify Product Listing on Featured Innovations Page,P1,P1,"[""Verifies that all expected products are listed on the Featured Innovations Page.\nGiven go to 'rheem'\nWhen click on the products button\nAnd click on residential\nAnd click on featured innovations\nThen confirm that all of the expected products are listed\nAll expected products should be displayed correctly on the page.""]",P3,P3,P2
TC-041: Verify Motto Title on Featured Innovations Page,P2,P3,"[""Ensures that the motto title on the Featured Innovations Page is correct.\nGiven go to 'rheem'\nWhen click on the products button\nAnd click on residential\nAnd click on featured innovations\nThen confirm that motto title is correct\nThe motto title should be displayed correctly on the page.""]",P2,P2,P2
TC-042: Navigate to the Commercial Featured Innovations Page,P1,P2 ,"[""Ensures successful navigation to the Commercial Featured Innovations Page.\nGiven go to 'rheem' site\nAnd click on the products\nAnd click on the Commercial\nWhen click on the featured innovations\nUser should be redirected to the Commercial Featured Innovations Page.""]",P3,P3,P2
TC-043: Verify Title of the Commercial Featured Innovations Page,P2,P2 ,"[""Verifies that the title on the Commercial Featured Innovations Page is correct.\nGiven go to 'rheem' site\nAnd click on the products\nAnd click on the Commercial\nWhen click on the featured innovations\nThen check title the page\nThe title should be displayed correctly on the page.""]",P2,P2,P2
TC-044: Verify Ribbon Headers on the Commercial Featured Innovations Page,P2,P3,"[""Verifies that the ribbon headers are displayed properly on the Commercial Featured Innovations Page.\nGiven go to 'rheem' site\nAnd click on the products\nAnd click on the Commercial\nWhen click on the featured innovations\nThen ribbons is displayed on the left top of the image and check the texts all headers\nRibbon headers should be correctly displayed with proper texts.""]",P2,P2,P2
TC-045: Verify Image Links and Sizes on the Commercial Featured Innovations Page,P3,P2 ,"[""Ensures that all images on the Commercial Featured Innovations Page are correctly linked and sized.\nGiven go to 'rheem' site\nAnd click on the products\nAnd click on the Commercial\nWhen click on the featured innovations\nThen All images links are controlled with size\nAll image links should be valid, and images should have correct sizes.""]",P3,P3,P2
TC-046: Verify Texts and Titles on the Commercial Featured Innovations Page,P2,P1,"[""Ensures that all texts and titles on the Commercial Featured Innovations Page are correct and contain trademarks where applicable.\nGiven go to 'rheem' site\nAnd click on the products\nAnd click on the Commercial\nWhen click on the featured innovations\nAnd verify the titles of the texts\nThen verify the texts contains ® or ™ or Rheem\nAll texts and titles should be correctly displayed, containing appropriate trademarks.""]",P2,P2,P2
TC-047: Test Rheem  Residential Water  Heaters text is  visible and true,P3,P2 ,"['This test ensures that the descriptive text for Rheem Residential Water Heaters is accurate.\nGiven Go to ""rheem"" website\nWhen click on the products button\nAnd click on the water heating button\nThen Rheem Residential Water Heaters text is displayed on the page\nThe Rheem Residential Water\n Heaters text should be\n correctly displayed.']",P3,P3,P2
TC-048: Test Explore  Products panel's products and more button are visible,P2,P2 ,"['This test ensures that the \'Explore Products\' panel correctly displays products and that the more button functions.\nGiven Go to ""rheem"" website\nWhen click on the products button\nAnd click on the water heating button\nWhen clicked more button\nThen verify text in the Explore Products panel\'s products\nThe \'Explore Products\' panel \nshould show the expected\n products and the more \nbutton should work.']",P2,P2,P2
TC-049: Testing  that the correct  page is opened,P1,P1,"['This test ensures that the Warranties Form page redirects to the correct page.\nGiven Go to ""rheem"" website\nAnd click on the Warranties button\nThen should be redirected to the commercial resource center page\nThe user should be\nsuccessfully redirected\nto the commercial resource\n center page.']",P3,P3,P2
TC-050: Main title test of Warranties Page,P3,P3,"['This test ensures that the main title on the Warranties Form Page is correct.\nGiven Go to ""rheem"" website\nAnd click on the Warranties button\nThen verify the main title is correct\nThe main title of the page should be\n correct and displayed properly.']",P3,P3,P2
"TC-051: Testing  Register Your  Product, Your Warranty, and Need Warranty Service Panels' Headers",P3,P3,"['This test ensures that the headers of warranty-related panels are displayed correctly.\nGiven Go to ""rheem"" website\nAnd click on the Warranties button\nThen verify headers are correct\nThe headers of the ""Register Your Product"", ""Your Warranty"", and ""Need Warranty Service"" panels should be correct.']",P3,P3,P2
"TC-052: Testing that ""Where's my serial number"" hypertext",P2,P1,"['This test ensures that clicking on the ""Where\'s my serial number"" link redirects to the correct pop-up.\nGiven Go to ""rheem"" website\nAnd click on the Warranties button\nWhen click on hyperTexts\nThen should be redirected to the correct pop-up\nThe ""Where\'s my serial number"" hypertext should open the correct pop-up.']",P2,P2,P2
"TC-053: Testing that ""Register Your Product"" Panel's Buttons Lead to Correct Pages",P1,P1,"['This test ensures that the ""Register Your Product"" panel buttons lead to their respective pages.\nGiven Go to ""rheem"" website\nAnd click on the Warranties button\nWhen click on ""<Button>"" button\n\nwater heating >>>>>>>> \tWater Heating Warranty Registration Page\nheating and cooling>>>>>>>> \tHeating and Cooling Warranty Registration Page\npool and spa>>>>>>>> \tPool and Spa Warranty Registration Page\nwater heating verify>>>>>>>> \tWater Heating Verification Page\nheating and cooling verify>>>>>>>> \tHeating and Cooling Verification Page\nClicking on each button should correctly redirect to its respective page.']",P3,P3,P2
